Date,Product,Region,Sales,Profit,Quantity
2026-01-05,Laptop,South,120000,18000,10
2026-01-10,Phone,South,90000,12000,15
2026-01-15,Tablet,North,60000,9000,12
2026-02-05,Laptop,North,150000,24000,12
2026-02-12,Phone,West,110000,15000,18
2026-02-20,Tablet,South,75000,11000,15
2026-03-05,Laptop,West,180000,30000,14
2026-03-12,Phone,North,95000,13000,16
2026-03-18,Tablet,West,80000,12000,17
2026-04-05,Laptop,South,210000,35000,17
2026-04-10,Phone,West,125000,18000,20
2026-04-15,Tablet,North,70000,10000,14